epoch,lr,step,test_acc,test_acc_top5,test_ece,test_loss,train_acc_epoch,train_acc_step,train_acc_top5_epoch,train_acc_top5_step,train_ece_epoch,train_ece_step,train_loss_epoch,train_loss_step,val_acc,val_acc_top5,val_ece,val_loss
0,,14,,,,,0.4182291626930237,,1.0,,0.14726682007312775,,1.2315622568130493,,,,,
1,,29,,,,,0.5598958134651184,,1.0,,0.14680376648902893,,1.0229631662368774,,,,,
2,,44,,,,,0.5859375,,1.0,,0.1469898372888565,,0.9855530261993408,,,,,
3,0.20579999685287476,49,,,,,,0.578125,,1.0,,0.10213236510753632,,0.920417070388794,,,,
3,,49,0.5107886791229248,1.0,0.1754184365272522,1.082316517829895,,,,,,,,,0.7149999737739563,1.0,0.20487423241138458,0.7383719682693481
3,,59,,,,,0.5822916626930237,,1.0,,0.13752491772174835,,0.9454925060272217,,,,,
4,,74,,,,,0.5744791626930237,,1.0,,0.13674739003181458,,0.9536961317062378,,,,,
5,,89,,,,,0.629687488079071,,1.0,,0.13682886958122253,,0.8948346972465515,,,,,
6,0.415800005197525,99,,,,,,0.46875,,1.0,,0.1687203347682953,,0.9959070086479187,,,,
6,,99,0.5225074291229248,1.0,0.20012812316417694,1.0803419351577759,,,,,,,,,0.7250000238418579,1.0,0.16235731542110443,0.696277379989624
6,,104,,,,,0.6088541746139526,,1.0,,0.14776508510112762,,0.8984166383743286,,,,,
7,,119,,,,,0.609375,,1.0,,0.13392119109630585,,0.8810158967971802,,,,,
8,,134,,,,,0.6291666626930237,,1.0,,0.13589739799499512,,0.8689348101615906,,,,,
9,0.6258000135421753,149,,,,,,0.703125,,1.0,,0.17867974936962128,,0.7620319724082947,,,,
9,,149,0.5552455186843872,1.0,0.20178665220737457,1.044577717781067,,,,,,,,,0.7450000047683716,1.0,0.1327284574508667,0.6102931499481201
9,,149,,,,,0.6307291388511658,,1.0,,0.12864534556865692,,0.8784616589546204,,,,,
10,,164,,,,,0.6312500238418579,,1.0,,0.13115882873535156,,0.8457913994789124,,,,,
11,,179,,,,,0.6520833373069763,,1.0,,0.13126620650291443,,0.8395052552223206,,,,,
12,,194,,,,,0.6369791626930237,,1.0,,0.14075620472431183,,0.845353901386261,,,,,
13,0.8357999920845032,199,,,,,,0.671875,,1.0,,0.12561777234077454,,0.7625961303710938,,,,
13,,199,0.5695684552192688,1.0,0.18031740188598633,1.0304902791976929,,,,,,,,,0.7799999713897705,1.0,0.1493140161037445,0.5778161883354187
13,,209,,,,,0.6322916746139526,,1.0,,0.16574788093566895,,0.8455154299736023,,,,,
14,,224,,,,,0.6416666507720947,,1.0,,0.13915595412254333,,0.8298022150993347,,,,,
15,,239,,,,,0.6317708492279053,,1.0,,0.14763842523097992,,0.8501660823822021,,,,,
16,1.045799970626831,249,,,,,,0.71875,,1.0,,0.20824067294597626,,0.7539845108985901,,,,
16,,249,0.5708705186843872,1.0,0.18147824704647064,1.057104229927063,,,,,,,,,0.8149999976158142,1.0,0.17144142091274261,0.5493432283401489
16,,254,,,,,0.6640625,,1.0,,0.1489265114068985,,0.7968775629997253,,,,,
17,,269,,,,,0.6546875238418579,,1.0,,0.13578586280345917,,0.7986884713172913,,,,,
18,,284,,,,,0.6468750238418579,,1.0,,0.1411190629005432,,0.8285377621650696,,,,,
19,1.2558000087738037,299,,,,,,0.65625,,1.0,,0.18744514882564545,,0.8353604674339294,,,,
19,,299,0.6011905074119568,1.0,0.19201518595218658,1.0185920000076294,,,,,,,,,0.8050000071525574,1.0,0.13398461043834686,0.5271766185760498
19,,299,,,,,0.6625000238418579,,1.0,,0.14859873056411743,,0.8017672300338745,,,,,
20,,314,,,,,0.6760416626930237,,1.0,,0.14212393760681152,,0.7730200886726379,,,,,
21,,329,,,,,0.6848958134651184,,1.0,,0.13969381153583527,,0.7884809374809265,,,,,
22,,344,,,,,0.6656249761581421,,1.0,,0.13987216353416443,,0.7854496240615845,,,,,
23,1.4658000469207764,349,,,,,,0.71875,,1.0,,0.08552683889865875,,0.7008188962936401,,,,
23,,349,0.6194196343421936,1.0,0.1708621233701706,1.0032790899276733,,,,,,,,,0.8700000047683716,1.0,0.2158896028995514,0.4810645580291748
23,,359,,,,,0.6625000238418579,,1.0,,0.12493839114904404,,0.7908288240432739,,,,,
24,,374,,,,,0.6703125238418579,,1.0,,0.15150009095668793,,0.7801384329795837,,,,,
25,,389,,,,,0.7109375,,1.0,,0.13895045220851898,,0.7206017971038818,,,,,
26,1.6757999658584595,399,,,,,,0.640625,,1.0,,0.11760646849870682,,0.7845207452774048,,,,
26,,399,0.613095223903656,1.0,0.17717428505420685,1.032087802886963,,,,,,,,,0.8399999737739563,1.0,0.15751522779464722,0.4650103449821472
26,,404,,,,,0.6880208253860474,,1.0,,0.1336151659488678,,0.7425032258033752,,,,,
27,,419,,,,,0.7130208611488342,,1.0,,0.1335805505514145,,0.6997050642967224,,,,,
28,,434,,,,,0.734375,,1.0,,0.1275370568037033,,0.6663722395896912,,,,,
29,1.8858000040054321,449,,,,,,0.671875,,1.0,,0.12241938710212708,,0.7666696310043335,,,,
29,,449,0.6023065447807312,1.0,0.19680781662464142,1.0351945161819458,,,,,,,,,0.875,1.0,0.13981439173221588,0.4201916456222534
29,,449,,,,,0.699999988079071,,1.0,,0.1411018967628479,,0.7247346639633179,,,,,
30,,464,,,,,0.699999988079071,,1.0,,0.12395619601011276,,0.7160502076148987,,,,,
31,,479,,,,,0.7151041626930237,,1.0,,0.1243654191493988,,0.689311683177948,,,,,
32,,494,,,,,0.7541666626930237,,1.0,,0.12513695657253265,,0.6380614042282104,,,,,
33,2.0957999229431152,499,,,,,,0.703125,,1.0,,0.07115303725004196,,0.6095209717750549,,,,
33,,499,0.6361607313156128,1.0,0.18281733989715576,0.974445104598999,,,,,,,,,0.9100000262260437,1.0,0.16996274888515472,0.3806822896003723
33,,509,,,,,0.7520833611488342,,1.0,,0.13434836268424988,,0.6307896375656128,,,,,
34,,524,,,,,0.7385416626930237,,1.0,,0.11929630488157272,,0.6350062489509583,,,,,
35,,539,,,,,0.7494791746139526,,1.0,,0.11613474041223526,,0.6292685270309448,,,,,
36,2.0980100631713867,549,,,,,,0.578125,,1.0,,0.1608526110649109,,0.7775477170944214,,,,
36,,549,0.6465774178504944,1.0,0.1601995825767517,0.9196071624755859,,,,,,,,,0.8799999952316284,1.0,0.14123544096946716,0.3865608870983124
36,,554,,,,,0.7338541746139526,,1.0,,0.12069112807512283,,0.6377640962600708,,,,,
37,,569,,,,,0.7578125,,1.0,,0.12011183798313141,,0.6205825209617615,,,,,
38,,584,,,,,0.7677083611488342,,1.0,,0.12845180928707123,,0.5923926830291748,,,,,
39,2.0918850898742676,599,,,,,,0.78125,,1.0,,0.11663112044334412,,0.5218347907066345,,,,
39,,599,0.6662946343421936,1.0,0.18321388959884644,0.9048251509666443,,,,,,,,,0.8799999952316284,1.0,0.10454799979925156,0.34615108370780945
39,,599,,,,,0.7505208253860474,,1.0,,0.11359118670225143,,0.6235500574111938,,,,,
40,,614,,,,,0.7718750238418579,,1.0,,0.12139187008142471,,0.5849524140357971,,,,,
41,,629,,,,,0.760937511920929,,1.0,,0.12508466839790344,,0.5865047574043274,,,,,
42,,644,,,,,0.7604166865348816,,1.0,,0.12048903107643127,,0.5892369747161865,,,,,
43,2.081648111343384,649,,,,,,0.703125,,1.0,,0.11774474382400513,,0.5960941314697266,,,,
43,,649,0.6702008843421936,1.0,0.17220847308635712,0.9145460724830627,,,,,,,,,0.8999999761581421,1.0,0.12262517958879471,0.33307141065597534
43,,659,,,,,0.7614583373069763,,1.0,,0.1274278610944748,,0.5753509998321533,,,,,
44,,674,,,,,0.7791666388511658,,1.0,,0.11210571229457855,,0.575699508190155,,,,,
45,,689,,,,,0.785937488079071,,1.0,,0.12262119352817535,,0.5734281539916992,,,,,
46,2.0673396587371826,699,,,,,,0.78125,,1.0,,0.11632626503705978,,0.5077456831932068,,,,
46,,699,0.6675967574119568,1.0,0.16914422810077667,0.8864404559135437,,,,,,,,,0.8899999856948853,1.0,0.10683881491422653,0.3051893711090088
46,,704,,,,,0.7885416746139526,,1.0,,0.1105143204331398,,0.5392264127731323,,,,,
47,,719,,,,,0.7807291746139526,,1.0,,0.12224172800779343,,0.5686424374580383,,,,,
48,,734,,,,,0.7848958373069763,,1.0,,0.12289751321077347,,0.5705000162124634,,,,,
49,2.049016237258911,749,,,,,,0.65625,,1.0,,0.1426498293876648,,0.7338675260543823,,,,
49,,749,0.6806175708770752,1.0,0.16584713757038116,0.8605471253395081,,,,,,,,,0.8999999761581421,1.0,0.08367828279733658,0.2955304980278015
49,,749,,,,,0.7713541388511658,,1.0,,0.1125703677535057,,0.5652675628662109,,,,,
50,,764,,,,,0.770312488079071,,1.0,,0.12013278901576996,,0.552272379398346,,,,,
51,,779,,,,,0.7739583253860474,,1.0,,0.11818671971559525,,0.5508891940116882,,,,,
52,,794,,,,,0.7869791388511658,,1.0,,0.11538804322481155,,0.5352285504341125,,,,,
53,2.026750326156616,799,,,,,,0.828125,,1.0,,0.12333953380584717,,0.5081889033317566,,,,
53,,799,0.6975446343421936,1.0,0.1614724099636078,0.8694846034049988,,,,,,,,,0.9100000262260437,1.0,0.09073249995708466,0.26051056385040283
53,,809,,,,,0.7744791507720947,,1.0,,0.11304200440645218,,0.5537556409835815,,,,,
54,,824,,,,,0.7848958373069763,,1.0,,0.11771965026855469,,0.5159556269645691,,,,,
55,,839,,,,,0.7979166507720947,,1.0,,0.11260910332202911,,0.5073363780975342,,,,,
56,2.000629425048828,849,,,,,,0.796875,,1.0,,0.09892960637807846,,0.48257017135620117,,,,
56,,849,0.6871280074119568,1.0,0.1561579555273056,0.8587815761566162,,,,,,,,,0.9100000262260437,1.0,0.0983857810497284,0.273547887802124
56,,854,,,,,0.8046875,,1.0,,0.12100072205066681,,0.5072914958000183,,,,,
57,,869,,,,,0.7953125238418579,,1.0,,0.10657476633787155,,0.5183208584785461,,,,,
58,,884,,,,,0.7791666388511658,,1.0,,0.11895062774419785,,0.5343778133392334,,,,,
59,1.9707568883895874,899,,,,,,0.8125,,1.0,,0.14320328831672668,,0.5277635455131531,,,,
59,,899,0.7014508843421936,1.0,0.16711682081222534,0.8495520949363708,,,,,,,,,0.9200000166893005,1.0,0.09365214407444,0.26115691661834717
59,,899,,,,,0.7885416746139526,,1.0,,0.11484713852405548,,0.521228551864624,,,,,
60,,914,,,,,0.800000011920929,,1.0,,0.10642936825752258,,0.4921073913574219,,,,,
61,,929,,,,,0.823437511920929,,1.0,,0.12104102224111557,,0.4975425601005554,,,,,
62,,944,,,,,0.7911458611488342,,1.0,,0.10968434810638428,,0.504950761795044,,,,,
63,1.9372506141662598,949,,,,,,0.75,,1.0,,0.11557444930076599,,0.5578866004943848,,,,
63,,949,0.7315847873687744,1.0,0.12990151345729828,0.8144477009773254,,,,,,,,,0.9350000023841858,1.0,0.1039460077881813,0.2418789118528366
63,,959,,,,,0.7895833253860474,,1.0,,0.11008188873529434,,0.5111889243125916,,,,,
64,,974,,,,,0.807812511920929,,1.0,,0.10533343255519867,,0.4832014739513397,,,,,
65,,989,,,,,0.8088541626930237,,1.0,,0.12144962698221207,,0.4701906144618988,,,,,
66,1.9002426862716675,999,,,,,,0.765625,,1.0,,0.1280692219734192,,0.5635846257209778,,,,
66,,999,0.7237722873687744,1.0,0.1287364810705185,0.8070721626281738,,,,,,,,,0.9300000071525574,1.0,0.09824542701244354,0.24363617599010468
66,,1004,,,,,0.8135416507720947,,1.0,,0.10597460716962814,,0.47309187054634094,,,,,
67,,1019,,,,,0.8140624761581421,,1.0,,0.1058756411075592,,0.4787978529930115,,,,,
68,,1034,,,,,0.8109375238418579,,1.0,,0.10930052399635315,,0.4796753525733948,,,,,
69,1.8598793745040894,1049,,,,,,0.8125,,1.0,,0.07035396993160248,,0.3921104967594147,,,,
69,,1049,0.7433035373687744,1.0,0.13585565984249115,0.8040895462036133,,,,,,,,,0.9300000071525574,1.0,0.07682617753744125,0.23240022361278534
69,,1049,,,,,0.7994791865348816,,1.0,,0.11261659115552902,,0.4892370104789734,,,,,
70,,1064,,,,,0.8005208373069763,,1.0,,0.11614861339330673,,0.4872443377971649,,,,,
71,,1079,,,,,0.8135416507720947,,1.0,,0.11293389648199081,,0.47753721475601196,,,,,
72,,1094,,,,,0.8307291865348816,,1.0,,0.1057107076048851,,0.4416033625602722,,,,,
73,1.8163197040557861,1099,,,,,,0.765625,,1.0,,0.13629929721355438,,0.4676220118999481,,,,
73,,1099,0.6923363208770752,1.0,0.1678849458694458,0.8624794483184814,,,,,,,,,0.9449999928474426,1.0,0.08950547128915787,0.23151282966136932
73,,1109,,,,,0.8401041626930237,,1.0,,0.11265125125646591,,0.4453970789909363,,,,,
74,,1124,,,,,0.8119791746139526,,1.0,,0.11287625133991241,,0.4658059775829315,,,,,
75,,1139,,,,,0.8223958611488342,,1.0,,0.1139615997672081,,0.45407772064208984,,,,,
76,1.7697356939315796,1149,,,,,,0.8125,,1.0,,0.15859967470169067,,0.46646785736083984,,,,
76,,1149,0.7433035373687744,1.0,0.15790176391601562,0.8152714371681213,,,,,,,,,0.925000011920929,1.0,0.07080484181642532,0.2204829603433609
76,,1154,,,,,0.8223958611488342,,1.0,,0.11717000603675842,,0.4573614299297333,,,,,
77,,1169,,,,,0.8166666626930237,,1.0,,0.10155627876520157,,0.4680224061012268,,,,,
78,,1184,,,,,0.823437511920929,,1.0,,0.09798236191272736,,0.4585835337638855,,,,,
79,1.7203112840652466,1199,,,,,,0.734375,,1.0,,0.13563981652259827,,0.6634072661399841,,,,
79,,1199,0.7328868508338928,1.0,0.1576404571533203,0.826972484588623,,,,,,,,,0.9300000071525574,1.0,0.07701525092124939,0.20437946915626526
79,,1199,,,,,0.7984374761581421,,1.0,,0.1116962879896164,,0.47935110330581665,,,,,
80,,1214,,,,,0.8161458373069763,,1.0,,0.11190201342105865,,0.4651935398578644,,,,,
81,,1229,,,,,0.8369791507720947,,1.0,,0.10710663348436356,,0.4326648414134979,,,,,
82,,1244,,,,,0.8416666388511658,,1.0,,0.10096648335456848,,0.4042424261569977,,,,,
83,1.6682415008544922,1249,,,,,,0.84375,,1.0,,0.13492028415203094,,0.4457118511199951,,,,
83,,1249,0.745907723903656,1.0,0.14913110435009003,0.8288962841033936,,,,,,,,,0.9350000023841858,1.0,0.06293757259845734,0.19872359931468964
83,,1259,,,,,0.8333333134651184,,1.0,,0.11637751013040543,,0.42444345355033875,,,,,
84,,1274,,,,,0.8479166626930237,,1.0,,0.10930172353982925,,0.41125985980033875,,,,,
85,,1289,,,,,0.8338541388511658,,1.0,,0.10017133504152298,,0.4237765073776245,,,,,
86,1.6137317419052124,1299,,,,,,0.78125,,1.0,,0.08534069359302521,,0.5053425431251526,,,,
86,,1299,0.7589285373687744,1.0,0.1462021917104721,0.8177396655082703,,,,,,,,,0.9350000023841858,1.0,0.06947474181652069,0.2004862278699875
86,,1304,,,,,0.8151041865348816,,1.0,,0.09925578534603119,,0.45435288548469543,,,,,
87,,1319,,,,,0.8348958492279053,,1.0,,0.11519265919923782,,0.4126274883747101,,,,,
88,,1334,,,,,0.8151041865348816,,1.0,,0.1033850684762001,,0.4533015787601471,,,,,
89,1.5569971799850464,1349,,,,,,0.890625,,1.0,,0.11623325943946838,,0.2947724461555481,,,,
89,,1349,0.7719493508338928,1.0,0.1317742019891739,0.8008306622505188,,,,,,,,,0.9399999976158142,1.0,0.06619126349687576,0.18004773557186127
89,,1349,,,,,0.8463541865348816,,1.0,,0.10061465948820114,,0.40378129482269287,,,,,
90,,1364,,,,,0.8348958492279053,,1.0,,0.10570012778043747,,0.43142566084861755,,,,,
91,,1379,,,,,0.831250011920929,,1.0,,0.1080315113067627,,0.42633724212646484,,,,,
92,,1394,,,,,0.8395833373069763,,1.0,,0.09500118345022202,,0.4147176146507263,,,,,
93,1.49826180934906,1399,,,,,,0.703125,,1.0,,0.17017799615859985,,0.6234692335128784,,,,
93,,1399,0.773251473903656,1.0,0.14040033519268036,0.8131169676780701,,,,,,,,,0.9350000023841858,1.0,0.0737965777516365,0.1892431229352951
93,,1409,,,,,0.840624988079071,,1.0,,0.10448174178600311,,0.41772422194480896,,,,,
94,,1424,,,,,0.8442708253860474,,1.0,,0.10542645305395126,,0.406887024641037,,,,,
95,,1439,,,,,0.8453124761581421,,1.0,,0.103943832218647,,0.41003838181495667,,,,,
96,1.4377572536468506,1449,,,,,,0.828125,,1.0,,0.0768037810921669,,0.47138386964797974,,,,
96,,1449,0.722470223903656,1.0,0.14029516279697418,0.840252697467804,,,,,,,,,0.9300000071525574,1.0,0.08361329883337021,0.18838544189929962
96,,1454,,,,,0.840624988079071,,1.0,,0.1029934212565422,,0.3949008285999298,,,,,
97,,1469,,,,,0.8463541865348816,,1.0,,0.10192278027534485,,0.3891846835613251,,,,,
98,,1484,,,,,0.8583333492279053,,1.0,,0.10142068564891815,,0.3833443820476532,,,,,
99,1.3757225275039673,1499,,,,,,0.859375,,1.0,,0.09539370238780975,,0.48927825689315796,,,,
99,,1499,0.7524181008338928,1.0,0.13918571174144745,0.8095033764839172,,,,,,,,,0.9599999785423279,1.0,0.07013794779777527,0.16837146878242493
99,,1499,,,,,0.8307291865348816,,1.0,,0.10410988330841064,,0.4364469647407532,,,,,
100,,1514,,,,,0.8489583134651184,,1.0,,0.10711054503917694,,0.3939385712146759,,,,,
101,,1529,,,,,0.8442708253860474,,1.0,,0.10480332374572754,,0.3716070353984833,,,,,
102,,1544,,,,,0.8411458134651184,,1.0,,0.10048016160726547,,0.3713638484477997,,,,,
103,1.3124022483825684,1549,,,,,,0.78125,,1.0,,0.1134832352399826,,0.4231116771697998,,,,
103,,1549,0.7315847873687744,1.0,0.13320805132389069,0.8364048600196838,,,,,,,,,0.9449999928474426,1.0,0.0769224613904953,0.18533647060394287
103,,1559,,,,,0.8322916626930237,,1.0,,0.10462521761655807,,0.42304322123527527,,,,,
104,,1574,,,,,0.8651041388511658,,1.0,,0.10199476778507233,,0.3630724847316742,,,,,
105,,1589,,,,,0.848437488079071,,1.0,,0.10512235015630722,,0.38255593180656433,,,,,
106,1.2480462789535522,1599,,,,,,0.703125,,1.0,,0.13979874551296234,,0.6532158851623535,,,,
106,,1599,0.7433035373687744,1.0,0.14348581433296204,0.8506112098693848,,,,,,,,,0.9350000023841858,1.0,0.06998023390769958,0.1637406200170517
106,,1604,,,,,0.8520833253860474,,1.0,,0.09858904778957367,,0.39080503582954407,,,,,
107,,1619,,,,,0.8661458492279053,,1.0,,0.09333427995443344,,0.3585295081138611,,,,,
108,,1634,,,,,0.8458333611488342,,1.0,,0.10269449651241302,,0.4072169065475464,,,,,
109,1.1829088926315308,1649,,,,,,0.828125,,1.0,,0.07832035422325134,,0.4245620369911194,,,,
109,,1649,0.745907723903656,1.0,0.15524457395076752,0.8569995760917664,,,,,,,,,0.949999988079071,1.0,0.05454177036881447,0.15328934788703918
109,,1649,,,,,0.839062511920929,,1.0,,0.09375711530447006,,0.38106584548950195,,,,,
110,,1664,,,,,0.8578125238418579,,1.0,,0.09907056391239166,,0.3893416225910187,,,,,
111,,1679,,,,,0.8645833134651184,,1.0,,0.09666550904512405,,0.3520137369632721,,,,,
112,,1694,,,,,0.8536458611488342,,1.0,,0.10075681656599045,,0.36535564064979553,,,,,
113,1.1172468662261963,1699,,,,,,0.8125,,1.0,,0.1055651381611824,,0.4055696725845337,,,,
113,,1699,0.7641368508338928,1.0,0.1269177347421646,0.809985339641571,,,,,,,,,0.9549999833106995,1.0,0.05871688947081566,0.14236119389533997
113,,1709,,,,,0.8531249761581421,,1.0,,0.0961679145693779,,0.3652658462524414,,,,,
114,,1724,,,,,0.8510416746139526,,1.0,,0.10190875083208084,,0.39097222685813904,,,,,
115,,1739,,,,,0.8520833253860474,,1.0,,0.09085560590028763,,0.38099339604377747,,,,,
116,1.0513194799423218,1749,,,,,,0.921875,,1.0,,0.09277023375034332,,0.18329377472400665,,,,
116,,1749,0.7524181008338928,1.0,0.14654980599880219,0.8281073570251465,,,,,,,,,0.9549999833106995,1.0,0.043566275388002396,0.14563195407390594
116,,1754,,,,,0.862500011920929,,1.0,,0.09891039878129959,,0.34101602435112,,,,,
117,,1769,,,,,0.862500011920929,,1.0,,0.09541091322898865,,0.34117838740348816,,,,,
118,,1784,,,,,0.8614583611488342,,1.0,,0.09242182224988937,,0.35721778869628906,,,,,
119,0.985386848449707,1799,,,,,,0.875,,1.0,,0.09508343040943146,,0.3206688165664673,,,,
119,,1799,0.7511160373687744,1.0,0.14924471080303192,0.8383874893188477,,,,,,,,,0.9599999785423279,1.0,0.0528942234814167,0.12575314939022064
119,,1799,,,,,0.8421875238418579,,1.0,,0.09873298555612564,,0.3805040717124939,,,,,
120,,1814,,,,,0.8687499761581421,,1.0,,0.09403063356876373,,0.36143478751182556,,,,,
121,,1829,,,,,0.8677083253860474,,1.0,,0.09377989917993546,,0.3242102861404419,,,,,
122,,1844,,,,,0.8557291626930237,,1.0,,0.0980682224035263,,0.3458811938762665,,,,,
123,0.9197092652320862,1849,,,,,,0.828125,,1.0,,0.09667452424764633,,0.45507729053497314,,,,
123,,1849,0.7667410373687744,1.0,0.14688406884670258,0.8363599181175232,,,,,,,,,0.9649999737739563,1.0,0.05551457032561302,0.11386308819055557
123,,1859,,,,,0.8682291507720947,,1.0,,0.08759521692991257,,0.3408483564853668,,,,,
124,,1874,,,,,0.8661458492279053,,1.0,,0.0918431356549263,,0.3611035645008087,,,,,
125,,1889,,,,,0.8848958611488342,,1.0,,0.0909283459186554,,0.3082040846347809,,,,,
126,0.8545458912849426,1899,,,,,,0.921875,,1.0,,0.056659288704395294,,0.32022106647491455,,,,
126,,1899,0.7589285373687744,1.0,0.15366710722446442,0.8489508032798767,,,,,,,,,0.9649999737739563,1.0,0.04834892228245735,0.10352148860692978
126,,1904,,,,,0.8786458373069763,,1.0,,0.08969800919294357,,0.3426699936389923,,,,,
127,,1919,,,,,0.8598958253860474,,1.0,,0.09265322238206863,,0.35180944204330444,,,,,
128,,1934,,,,,0.8541666865348816,,1.0,,0.0959220603108406,,0.35969313979148865,,,,,
129,0.7901538610458374,1949,,,,,,0.859375,,1.0,,0.06947062909603119,,0.3968576192855835,,,,
129,,1949,0.749813973903656,1.0,0.14509695768356323,0.8426911234855652,,,,,,,,,0.9599999785423279,1.0,0.04803667962551117,0.11031592637300491
129,,1949,,,,,0.8682291507720947,,1.0,,0.09226768463850021,,0.3359207212924957,,,,,
130,,1964,,,,,0.8645833134651184,,1.0,,0.0975627452135086,,0.3360472321510315,,,,,
131,,1979,,,,,0.871874988079071,,1.0,,0.094031423330307,,0.34718695282936096,,,,,
132,,1994,,,,,0.871874988079071,,1.0,,0.09050628542900085,,0.3359846770763397,,,,,
133,0.7267873287200928,1999,,,,,,0.8125,,1.0,,0.10421441495418549,,0.4374546408653259,,,,
133,,1999,0.7760416865348816,1.0,0.1402040272951126,0.8189634680747986,,,,,,,,,0.9649999737739563,1.0,0.05559590458869934,0.10513176769018173
133,,2009,,,,,0.8682291507720947,,1.0,,0.09222761541604996,,0.34239307045936584,,,,,
134,,2024,,,,,0.8770833611488342,,1.0,,0.09987141937017441,,0.3308006823062897,,,,,
135,,2039,,,,,0.8765624761581421,,1.0,,0.08624669164419174,,0.32139262557029724,,,,,
136,0.6646963357925415,2049,,,,,,0.875,,1.0,,0.08459468185901642,,0.3191204369068146,,,,
136,,2049,0.76953125,1.0,0.13174359500408173,0.8153234124183655,,,,,,,,,0.9750000238418579,1.0,0.055553317070007324,0.10537024587392807
136,,2054,,,,,0.8635416626930237,,1.0,,0.08898614346981049,,0.35668009519577026,,,,,
137,,2069,,,,,0.8604166507720947,,1.0,,0.08990258723497391,,0.36225059628486633,,,,,
138,,2084,,,,,0.8755208253860474,,1.0,,0.1022505834698677,,0.31236201524734497,,,,,
139,0.6041259765625,2099,,,,,,0.875,,1.0,,0.08143123239278793,,0.2978843152523041,,,,
139,,2099,0.7552083134651184,1.0,0.1595640927553177,0.8672764897346497,,,,,,,,,0.9649999737739563,1.0,0.04614993929862976,0.10502079129219055
139,,2099,,,,,0.8734375238418579,,1.0,,0.0958138033747673,,0.3427240550518036,,,,,
140,,2114,,,,,0.8765624761581421,,1.0,,0.08300505578517914,,0.3191016614437103,,,,,
141,,2129,,,,,0.8744791746139526,,1.0,,0.09130369871854782,,0.3279661238193512,,,,,
142,,2144,,,,,0.8885416388511658,,1.0,,0.0888141319155693,,0.28667786717414856,,,,,
143,0.5453153252601624,2149,,,,,,0.875,,1.0,,0.10757632553577423,,0.28664982318878174,,,,
143,,2149,0.7641368508338928,1.0,0.1420402079820633,0.8232348561286926,,,,,,,,,0.9649999737739563,1.0,0.04560699313879013,0.09602704644203186
143,,2159,,,,,0.8708333373069763,,1.0,,0.095038503408432,,0.32699263095855713,,,,,
144,,2174,,,,,0.875,,1.0,,0.08923240005970001,,0.33265921473503113,,,,,
145,,2189,,,,,0.8708333373069763,,1.0,,0.09458763152360916,,0.33484023809432983,,,,,
146,0.4884963631629944,2199,,,,,,0.828125,,1.0,,0.07680363953113556,,0.33626222610473633,,,,
146,,2199,0.7706472873687744,1.0,0.1428953856229782,0.8631282448768616,,,,,,,,,0.9750000238418579,1.0,0.040876150131225586,0.07779905945062637
146,,2204,,,,,0.8630208373069763,,1.0,,0.08909658342599869,,0.34304940700531006,,,,,
147,,2219,,,,,0.9046875238418579,,1.0,,0.0821630135178566,,0.2606990337371826,,,,,
148,,2234,,,,,0.8604166507720947,,1.0,,0.09166114032268524,,0.359618604183197,,,,,
149,0.43389344215393066,2249,,,,,,0.8125,,1.0,,0.12638230621814728,,0.327342689037323,,,,
149,,2249,0.7667410373687744,1.0,0.16203272342681885,0.8711994290351868,,,,,,,,,0.9850000143051147,1.0,0.04833715036511421,0.07097704708576202
149,,2249,,,,,0.8739583492279053,,1.0,,0.0896851122379303,,0.32005196809768677,,,,,
150,,2264,,,,,0.8838541507720947,,1.0,,0.09178529679775238,,0.3196750283241272,,,,,
151,,2279,,,,,0.8765624761581421,,1.0,,0.09331516176462173,,0.3241693079471588,,,,,
152,,2294,,,,,0.8916666507720947,,1.0,,0.08542535454034805,,0.31532877683639526,,,,,
153,0.38172200322151184,2299,,,,,,0.84375,,1.0,,0.059712912887334824,,0.38416576385498047,,,,
153,,2299,0.7602306008338928,1.0,0.15505371987819672,0.8715513348579407,,,,,,,,,0.9850000143051147,1.0,0.0465293787419796,0.07781929522752762
153,,2309,,,,,0.8776041865348816,,1.0,,0.08531251549720764,,0.3106158971786499,,,,,
154,,2324,,,,,0.8817708492279053,,1.0,,0.08201657235622406,,0.30263036489486694,,,,,
155,,2339,,,,,0.8635416626930237,,1.0,,0.10386490076780319,,0.3491743206977844,,,,,
156,0.3321879506111145,2349,,,,,,0.78125,,1.0,,0.12153950333595276,,0.5364823341369629,,,,
156,,2349,0.79596875,1.0,0.13910777866840363,0.8007730841636658,,,,,,,,,0.9750000238418579,1.0,0.05398741364479065,0.07274633646011353
156,,2354,,,,,0.8843749761581421,,1.0,,0.08773788064718246,,0.31298208236694336,,,,,
157,,2369,,,,,0.8843749761581421,,1.0,,0.0850280150771141,,0.30476346611976624,,,,,
158,,2384,,,,,0.8760416507720947,,1.0,,0.08778775483369827,,0.324433833360672,,,,,
159,0.28548678755760193,2399,,,,,,0.875,,1.0,,0.05553634837269783,,0.42375868558883667,,,,
159,,2399,0.7786458134651184,1.0,0.1454678475856781,0.8322563171386719,,,,,,,,,0.9750000238418579,1.0,0.04154933989048004,0.07036943733692169
159,,2399,,,,,0.8744791746139526,,1.0,,0.08270755410194397,,0.34066861867904663,,,,,
